<?xml version="1.0" encoding="UTF-8" standalone="yes"?>
<addon id="plugin.video.iceman" name="Iceman Wizard" version="1.0.0" provider-name="Iceman">
  <requires>
    <import addon="xbmc.python" version="2.1.0"/>
  </requires>
  <extension point="xbmc.python.pluginsource" library="default.py">
        <provides>video executable</provides>
  </extension>
  <extension point="xbmc.addon.metadata">
		<summary lang="en">Iceman Wizard</summary>
		<description lang="en">In this wizard you will find the latest Iceman build</description>
		<disclaimer lang="en"></disclaimer>
		<forum>http://icemankodi.net/</forum>
		<source>http://icemankodi.net/</source>
		<website>http://icemankodi.net/</website>
		<platform>all</platform>
	</extension>
</addon>
